lineId_mes_año,velocidad_kmh,muestras
131_10_2018,20.62,1836829
131_11_2018,20.51,1795647
131_12_2018,20.46,1724286
131_1_2019,20.47,1675353
131_2_2019,20.32,1470449
131_3_2019,20.39,1734999
131_4_2019,20.45,1586003
131_5_2018,20.46,54216
131_5_2019,20.43,1489810
131_6_2018,20.65,1686342
131_7_2018,20.76,1724933
131_8_2018,21.01,1787271
131_9_2018,20.74,1750060
140_10_2018,19.44,973718
140_11_2018,19.62,871310
140_12_2018,19.53,914194
140_1_2019,19.30,902467
140_2_2019,18.79,804141
140_3_2019,19.16,956977
140_4_2019,18.93,909076
140_5_2018,19.32,31368
140_5_2019,19.15,814306
140_6_2018,19.22,853777
140_7_2018,19.57,896450
140_8_2018,19.66,905753
140_9_2018,19.68,912892
142_10_2018,22.99,1249124
142_11_2018,22.55,1114155
142_12_2018,22.37,1041711
142_1_2019,22.37,1079443
142_2_2019,21.58,1094485
142_3_2019,21.72,1178686
142_4_2019,21.62,1046705
142_5_2018,23.35,46428
142_5_2019,21.94,1032140
142_6_2018,24.07,1211006
142_7_2018,24.04,1251747
142_8_2018,23.46,1266107
142_9_2018,22.61,1122978
1472_10_2018,19.41,1348194
1472_11_2018,19.50,1247804
1472_12_2018,19.62,1198212
1472_1_2019,19.48,1305521
1472_2_2019,19.31,1280362
1472_3_2019,19.61,1472158
1472_4_2019,19.45,1379696
1472_5_2018,19.20,40035
1472_5_2019,19.46,1249817
1472_6_2018,19.79,1173657
1472_7_2018,19.62,1323485
1472_8_2018,19.66,1340613
1472_9_2018,19.52,1259310
150_10_2018,19.34,657614
150_11_2018,19.34,562518
150_12_2018,18.94,618968
150_1_2019,19.09,634880
150_2_2019,19.02,592682
150_3_2019,18.99,716675
150_4_2019,19.06,724467
150_5_2018,18.08,18293
150_5_2019,19.14,682614
150_6_2018,18.74,538543
150_7_2018,19.41,622304
150_8_2018,19.26,625291
150_9_2018,18.98,595064
1571_10_2018,19.18,1261135
1571_11_2018,19.13,1182468
1571_12_2018,19.31,1223238
1571_1_2019,19.27,1338406
1571_2_2019,19.11,1224141
1571_3_2019,19.14,1457064
1571_4_2019,19.17,1403660
1571_5_2018,18.97,38259
1571_5_2019,19.25,1246296
1571_6_2018,19.41,1273236
1571_7_2018,19.42,1295026
1571_8_2018,19.28,1245879
1571_9_2018,19.32,1212877
2101_10_2018,19.07,998672
2101_11_2018,19.33,926081
2101_12_2018,18.86,839794
2101_1_2019,19.62,858387
2101_2_2019,19.24,776628
2101_3_2019,19.46,883231
2101_4_2019,19.41,811496
2101_5_2018,18.88,35721
2101_5_2019,18.26,743725
2101_6_2018,19.54,920702
2101_7_2018,19.48,960538
2101_8_2018,19.38,976316
2101_9_2018,19.09,961388
2102_10_2018,18.46,765261
2102_11_2018,18.57,703788
2102_12_2018,18.45,671888
2102_1_2019,19.02,703712
2102_2_2019,18.51,647322
2102_3_2019,18.73,698845
2102_4_2019,18.70,643352
2102_5_2018,18.77,29786
2102_5_2019,18.46,565542
2102_6_2018,19.08,709675
2102_7_2018,19.03,726858
2102_8_2018,18.59,750183
2102_9_2018,18.56,744288
2104_10_2018,18.37,703146
2104_11_2018,18.16,735207
2104_12_2018,18.08,730173
2104_1_2019,18.30,760443
2104_2_2019,17.90,656863
2104_3_2019,18.16,730572
2104_4_2019,18.21,645349
2104_5_2018,17.70,26821
2104_5_2019,17.88,564373
2104_6_2018,18.82,724045
2104_7_2018,18.75,722914
2104_8_2018,18.45,713305
2104_9_2018,18.53,683296
2121_10_2018,22.59,2125075
2121_11_2018,22.96,2046686
2121_12_2018,23.07,2063075
2121_1_2019,23.20,2045213
2121_2_2019,22.69,1801303
2121_3_2019,22.91,2016056
2121_4_2019,22.95,1960774
2121_5_2018,22.37,68506
2121_5_2019,22.73,1723569
2121_6_2018,22.99,1948476
2121_7_2018,23.26,2105381
2121_8_2018,23.01,2139979
2121_9_2018,22.73,2002709
2141_10_2018,20.52,363588
2141_11_2018,20.56,343430
2141_12_2018,21.77,337111
2141_1_2019,22.75,369796
2141_2_2019,22.02,371297
2141_3_2019,22.22,416265
2141_4_2019,21.80,389673
2141_5_2018,20.11,15168
2141_5_2019,21.80,304589
2141_6_2018,21.10,359518
2141_7_2018,21.22,362684
2141_8_2018,20.87,370821
2141_9_2018,20.73,360740
217_10_2018,18.81,212255
217_11_2018,18.75,198923
217_12_2018,19.03,44117
217_1_2019,19.46,124893
217_2_2019,18.80,177622
217_3_2019,18.59,165793
217_4_2019,17.93,121555
217_5_2018,19.44,9132
217_5_2019,18.47,120449
217_6_2018,19.93,116597
217_7_2018,19.78,140645
217_8_2018,19.03,197025
217_9_2018,19.20,186494
2211_10_2018,19.62,982363
2211_11_2018,19.90,999458
2211_12_2018,19.95,1086216
2211_1_2019,19.75,1130393
2211_2_2019,19.33,962643
2211_3_2019,19.31,1026226
2211_4_2019,19.37,948636
2211_5_2018,19.98,36204
2211_5_2019,19.40,900308
2211_6_2018,20.25,950960
2211_7_2018,20.10,983341
2211_8_2018,20.03,1011509
2211_9_2018,19.85,974485
2212_10_2018,22.79,1626122
2212_11_2018,22.88,1513265
2212_12_2018,23.00,1501150
2212_1_2019,23.16,1572035
2212_2_2019,22.73,1468354
2212_3_2019,22.98,1607186
2212_4_2019,22.95,1476405
2212_5_2018,22.40,52701
2212_5_2019,22.87,1308120
2212_6_2018,23.22,1542647
2212_7_2018,23.36,1594484
2212_8_2018,23.12,1637666
2212_9_2018,23.22,1550424
2241_10_2018,21.55,534488
2241_11_2018,22.03,510169
2241_12_2018,21.65,459590
2241_1_2019,22.24,520115
2241_2_2019,21.60,479886
2241_3_2019,21.61,579076
2241_4_2019,21.80,556200
2241_5_2018,21.37,17511
2241_5_2019,21.62,500839
2241_6_2018,21.73,480775
2241_7_2018,22.08,522151
2241_8_2018,21.68,516364
2241_9_2018,21.92,537515
2242_10_2018,20.52,1043581
2242_11_2018,20.20,1006649
2242_12_2018,19.98,884722
2242_1_2019,20.31,940099
2242_2_2019,19.83,940463
2242_3_2019,19.95,1065579
2242_4_2019,20.02,1030989
2242_5_2018,19.90,36367
2242_5_2019,19.99,940160
2242_6_2018,20.65,986171
2242_7_2018,21.16,1017166
2242_8_2018,20.62,1000140
2242_9_2018,20.44,975340
2243_10_2018,20.11,274110
2243_11_2018,20.17,252237
2243_12_2018,20.29,218091
2243_1_2019,20.38,238877
2243_2_2019,19.83,253642
2243_3_2019,20.10,258893
2243_4_2019,20.13,254988
2243_5_2018,20.73,8837
2243_5_2019,19.83,243879
2243_6_2018,20.46,191241
2243_7_2018,21.15,249071
2243_8_2018,20.60,262524
2243_9_2018,20.52,281930
2273_10_2018,22.78,1737953
2273_11_2018,22.98,1656793
2273_12_2018,23.07,1629002
2273_1_2019,23.36,1753133
2273_2_2019,22.99,1670684
2273_3_2019,23.10,1806626
2273_4_2019,23.15,1707946
2273_5_2018,22.11,63752
2273_5_2019,22.52,1479966
2273_6_2018,22.88,1658976
2273_7_2018,23.11,1722006
2273_8_2018,23.00,1789157
2273_9_2018,22.91,1685111
2274_10_2018,19.39,1224824
2274_11_2018,19.37,1229187
2274_12_2018,19.21,1279989
2274_1_2019,19.51,1323662
2274_2_2019,19.14,1184505
2274_3_2019,19.27,1324865
2274_4_2019,19.32,1296743
2274_5_2018,18.22,44152
2274_5_2019,19.30,1162931
2274_6_2018,19.32,1252478
2274_7_2018,19.80,1275245
2274_8_2018,19.50,1264696
2274_9_2018,19.65,1200313
2301_10_2018,20.95,1245534
2301_11_2018,20.87,1178276
2301_12_2018,20.91,1182510
2301_1_2019,21.35,1187373
2301_2_2019,20.90,1076494
2301_3_2019,21.05,1248418
2301_4_2019,21.13,1229047
2301_5_2018,19.98,41637
2301_5_2019,21.15,1106748
2301_6_2018,20.97,1205387
2301_7_2018,21.31,1223195
2301_8_2018,21.24,1259458
2301_9_2018,21.14,1211905
2401_10_2018,20.05,587761
2401_11_2018,19.93,532421
2401_12_2018,19.76,563006
2401_1_2019,20.68,597907
2401_2_2019,20.14,523823
2401_3_2019,20.05,610403
2401_4_2019,20.07,578356
2401_5_2018,20.22,20503
2401_5_2019,19.79,536619
2401_6_2018,20.71,557804
2401_7_2018,20.34,586976
2401_8_2018,20.69,612699
2401_9_2018,20.38,569347
2402_10_2018,20.66,979811
2402_11_2018,20.22,866901
2402_12_2018,20.04,879237
2402_1_2019,20.97,955290
2402_2_2019,20.48,894767
2402_3_2019,20.63,1076250
2402_4_2019,20.65,1013338
2402_5_2018,21.74,33001
2402_5_2019,20.61,911741
2402_6_2018,20.89,905940
2402_7_2018,20.96,951333
2402_8_2018,21.08,948649
2402_9_2018,20.79,932022
243_11_2018,20.23,128432
243_12_2018,21.09,185846
243_1_2019,20.69,200132
243_2_2019,20.88,223343
243_3_2019,20.53,231261
243_4_2019,20.80,197980
243_5_2019,21.09,183758
2471_10_2018,21.72,1183953
2471_11_2018,21.52,1205789
2471_12_2018,21.72,1285831
2471_1_2019,21.90,1448298
2471_2_2019,21.38,1370231
2471_3_2019,21.63,1530680
2471_4_2019,21.44,1466648
2471_5_2018,21.55,50823
2471_5_2019,21.34,1362346
2471_6_2018,22.13,1298075
2471_7_2018,22.43,1358859
2471_8_2018,22.27,1340358
2471_9_2018,21.76,1174167
2472_10_2018,19.48,864054
2472_11_2018,19.60,873900
2472_12_2018,19.75,871188
2472_1_2019,19.86,986893
2472_2_2019,19.42,918624
2472_3_2019,19.47,1027756
2472_4_2019,19.45,983995
2472_5_2018,20.11,36109
2472_5_2019,19.44,906075
2472_6_2018,19.85,909544
2472_7_2018,20.08,947404
2472_8_2018,19.86,876342
2472_9_2018,19.97,837026
2473_10_2018,21.19,1387512
2473_11_2018,21.25,1301274
2473_12_2018,21.27,1326746
2473_1_2019,21.41,1452956
2473_2_2019,21.24,1415845
2473_3_2019,20.98,1501234
2473_4_2019,21.00,1413574
2473_5_2018,21.36,45334
2473_5_2019,21.05,1272876
2473_6_2018,21.34,1383430
2473_7_2018,21.66,1382862
2473_8_2018,21.32,1365840
2473_9_2018,21.46,1336510
251_10_2018,22.37,162348
251_11_2018,22.77,208679
251_12_2018,22.85,232417
251_1_2019,22.75,204519
251_2_2019,22.78,131238
251_3_2019,22.36,208043
251_4_2019,22.51,205596
251_5_2019,22.17,168032
251_6_2018,22.94,212160
251_7_2018,23.26,254023
251_8_2018,23.31,198410
251_9_2018,22.44,161471
2521_10_2018,18.61,687743
2521_11_2018,18.43,608613
2521_12_2018,18.59,593401
2521_1_2019,18.61,588776
2521_2_2019,18.65,500419
2521_3_2019,18.54,594853
2521_4_2019,18.49,601617
2521_5_2018,19.02,16846
2521_5_2019,18.31,535204
2521_6_2018,18.70,621159
2521_7_2018,18.85,641636
2521_8_2018,18.99,693002
2521_9_2018,18.67,658217
2524_10_2018,17.48,1315002
2524_11_2018,17.39,1213298
2524_12_2018,17.19,1357905
2524_1_2019,17.46,1360364
2524_2_2019,17.33,1291866
2524_3_2019,17.34,1431249
2524_4_2019,17.33,1380534
2524_5_2018,17.94,52765
2524_5_2019,17.35,1232741
2524_6_2018,17.65,1329941
2524_7_2018,17.46,1233978
2524_8_2018,17.43,1228670
2524_9_2018,17.61,1232508
271_10_2018,18.97,577201
271_11_2018,18.91,487609
271_12_2018,19.18,469591
271_1_2019,19.44,491221
271_2_2019,18.92,436059
271_3_2019,19.06,473651
271_4_2019,18.99,465016
271_5_2018,18.35,23102
271_5_2019,19.01,421202
271_6_2018,18.93,524215
271_7_2018,19.02,514013
271_8_2018,18.67,546729
271_9_2018,19.15,544202
272_10_2018,19.65,1113393
272_11_2018,19.77,1101544
272_12_2018,19.32,1145040
272_1_2019,19.84,1155765
272_2_2019,19.27,1029970
272_3_2019,19.75,1144708
272_4_2019,19.40,1072015
272_5_2018,19.51,43657
272_5_2019,18.95,1008387
272_6_2018,20.30,1102253
272_7_2018,20.36,1185315
272_8_2018,20.18,1185318
272_9_2018,19.77,1121174
2801_10_2018,21.82,275216
2801_11_2018,21.51,220472
2801_12_2018,21.63,202876
2801_1_2019,21.04,242018
2801_2_2019,20.84,195588
2801_3_2019,21.20,268524
2801_4_2019,21.33,242746
2801_5_2018,20.65,7506
2801_5_2019,20.91,223753
2801_6_2018,21.52,246957
2801_7_2018,22.00,251276
2801_8_2018,22.24,239223
2801_9_2018,22.45,244332
282_10_2018,19.42,671496
282_11_2018,19.46,637078
282_12_2018,19.28,660741
282_1_2019,19.91,634183
282_2_2019,19.46,570185
282_3_2019,19.73,666567
282_4_2019,19.65,627577
282_5_2018,20.49,23275
282_5_2019,19.68,569311
282_6_2018,19.95,653453
282_7_2018,20.23,685253
282_8_2018,19.84,673282
282_9_2018,19.96,655792
283_10_2018,21.49,157572
283_11_2018,21.86,54442
283_5_2018,21.21,7725
283_6_2018,22.52,200777
283_7_2018,21.56,197047
283_8_2018,21.80,209732
283_9_2018,21.57,159849
2841_10_2018,21.14,972313
2841_11_2018,21.11,880197
2841_12_2018,21.03,909236
2841_1_2019,20.94,989825
2841_2_2019,20.40,1005150
2841_3_2019,20.08,1099862
2841_4_2019,19.99,1050183
2841_5_2018,21.46,35788
2841_5_2019,19.89,941336
2841_6_2018,21.83,923871
2841_7_2018,22.18,1000920
2841_8_2018,22.04,1012578
2841_9_2018,21.21,933650
2842_10_2018,20.39,582269
2842_11_2018,20.53,555058
2842_12_2018,20.58,606194
2842_1_2019,20.85,698929
2842_2_2019,20.88,684879
2842_3_2019,20.64,768452
2842_4_2019,20.67,758508
2842_5_2018,20.89,24956
2842_5_2019,20.46,654973
2842_6_2018,20.34,569709
2842_7_2018,20.72,591196
2842_8_2018,20.52,630878
2842_9_2018,20.35,560260
3011_10_2018,16.15,195616
3011_11_2018,16.22,172610
3011_12_2018,15.66,173405
3011_1_2019,16.43,173100
3011_2_2019,16.57,158220
3011_3_2019,16.67,173562
3011_4_2019,16.68,166944
3011_5_2018,16.50,6043
3011_5_2019,16.40,151829
3011_6_2018,17.15,176121
3011_7_2018,17.04,168227
3011_8_2018,16.43,173999
3011_9_2018,16.44,184165
302_10_2018,20.44,589936
302_11_2018,19.37,531226
302_12_2018,19.24,528181
302_1_2019,19.20,508681
302_2_2019,18.93,492069
302_3_2019,19.29,598103
302_4_2019,19.39,589258
302_5_2018,20.39,21309
302_5_2019,19.00,516090
302_6_2018,20.24,529803
302_7_2018,20.69,599367
302_8_2018,20.82,573588
302_9_2018,20.88,555454
303_10_2018,15.89,128270
303_11_2018,16.01,138589
303_12_2018,16.21,158324
303_1_2019,16.27,169669
303_2_2019,16.19,147334
303_3_2019,16.37,182871
303_4_2019,16.31,168964
303_5_2018,15.15,4262
303_5_2019,16.59,157098
303_6_2018,16.29,142813
303_7_2018,15.94,143421
303_8_2018,16.04,154012
303_9_2018,16.32,131727
304_10_2018,22.48,364667
304_11_2018,22.63,321982
304_12_2018,22.50,331011
304_1_2019,23.49,361254
304_2_2019,21.71,262549
304_3_2019,22.23,280770
304_4_2019,22.21,320159
304_5_2018,20.72,11162
304_5_2019,22.07,284194
304_6_2018,22.25,342230
304_7_2018,22.42,358909
304_8_2018,22.18,339301
304_9_2018,22.29,347597
305_10_2018,18.81,287920
305_11_2018,18.55,269166
305_12_2018,18.43,288323
305_1_2019,18.99,340950
305_2_2019,18.70,318247
305_3_2019,18.31,353824
305_4_2019,18.68,348113
305_5_2018,18.98,11078
305_5_2019,18.43,314324
305_6_2018,19.19,313728
305_7_2018,18.89,294381
305_8_2018,19.08,328750
305_9_2018,19.08,292009
306_10_2018,20.40,587368
306_11_2018,20.04,539252
306_12_2018,20.02,522660
306_1_2019,20.47,488105
306_2_2019,19.87,426469
306_3_2019,20.29,557720
306_4_2019,20.32,541128
306_5_2018,20.97,27589
306_5_2019,19.92,504194
306_6_2018,20.36,575649
306_7_2018,20.97,597200
306_8_2018,20.84,627788
306_9_2018,20.90,584211
3112_10_2018,13.60,69050
3112_11_2018,12.80,59489
3112_12_2018,12.70,26052
3112_1_2019,13.00,29329
3112_2_2019,12.72,69331
3112_3_2019,12.15,60652
3112_4_2019,11.97,42019
3112_5_2018,14.41,2907
3112_5_2019,11.90,55836
3112_6_2018,15.29,58234
3112_7_2018,16.14,60037
3112_8_2018,14.69,64426
3112_9_2018,14.46,74556
311_10_2018,18.09,527513
311_11_2018,17.60,489414
311_12_2018,19.46,316639
311_1_2019,19.80,424181
311_2_2019,17.72,460941
311_3_2019,17.39,479702
311_4_2019,17.59,392322
311_5_2018,18.11,22137
311_5_2019,17.41,344365
311_6_2018,18.97,350966
311_7_2018,18.59,406796
311_8_2018,17.95,527147
311_9_2018,18.20,514448
3121_10_2018,16.07,318449
3121_11_2018,15.78,320063
3121_12_2018,16.02,305490
3121_1_2019,16.00,276985
3121_2_2019,15.82,236294
3121_3_2019,15.51,293482
3121_4_2019,15.38,286383
3121_5_2018,16.58,9368
3121_5_2019,15.30,254688
3121_6_2018,15.59,276098
3121_7_2018,16.24,315033
3121_8_2018,16.02,329798
3121_9_2018,15.45,308518
3122_10_2018,13.74,402511
3122_11_2018,13.67,407121
3122_12_2018,13.73,412970
3122_1_2019,13.79,367799
3122_2_2019,13.66,354525
3122_3_2019,13.59,393750
3122_4_2019,13.19,343843
3122_5_2018,13.00,14898
3122_5_2019,12.78,280979
3122_6_2018,13.30,341594
3122_7_2018,13.91,399544
3122_8_2018,14.00,424125
3122_9_2018,13.32,380782
3123_10_2018,15.46,157762
3123_11_2018,15.28,148749
3123_12_2018,15.06,150504
3123_1_2019,15.22,152706
3123_2_2019,14.82,140573
3123_3_2019,14.79,144049
3123_4_2019,14.90,129490
3123_5_2018,14.74,4999
3123_5_2019,15.02,130223
3123_6_2018,16.18,141774
3123_7_2018,16.13,147073
3123_8_2018,15.91,159662
3123_9_2018,15.53,153771
3124_10_2018,14.53,263112
3124_11_2018,14.81,269824
3124_12_2018,15.10,280953
3124_1_2019,15.03,245076
3124_2_2019,14.55,236860
3124_3_2019,14.64,246205
3124_4_2019,14.39,219866
3124_5_2018,14.30,11097
3124_5_2019,14.13,192016
3124_6_2018,14.90,257998
3124_7_2018,14.91,263589
3124_8_2018,14.69,261532
3124_9_2018,14.33,256090
3131_10_2018,20.83,406300
3131_11_2018,20.36,382642
3131_12_2018,20.80,379193
3131_1_2019,20.97,386284
3131_2_2019,19.87,296681
3131_3_2019,20.24,376102
3131_4_2019,20.55,346817
3131_5_2018,21.59,14826
3131_5_2019,19.99,286776
3131_6_2018,22.08,393116
3131_7_2018,21.73,394508
3131_8_2018,21.30,406456
3131_9_2018,20.90,388555
3132_10_2018,17.84,145356
3132_11_2018,18.20,144977
3132_12_2018,19.03,158091
3132_1_2019,18.56,148516
3132_2_2019,18.62,140132
3132_3_2019,18.01,136158
3132_4_2019,18.15,128473
3132_5_2018,16.76,4514
3132_5_2019,18.05,143205
3132_6_2018,17.78,121937
3132_7_2018,19.33,150186
3132_8_2018,18.96,156261
3132_9_2018,18.87,158530
3133_10_2018,18.42,221745
3133_11_2018,18.76,242361
3133_12_2018,20.00,223733
3133_1_2019,20.27,246708
3133_2_2019,18.81,197858
3133_3_2019,18.93,288355
3133_4_2019,19.31,255169
3133_5_2018,16.65,6891
3133_5_2019,18.91,217777
3133_6_2018,20.14,203922
3133_7_2018,20.74,240219
3133_8_2018,20.03,258324
3133_9_2018,18.67,235840
3141_10_2018,17.19,576830
3141_11_2018,16.73,469294
3141_12_2018,20.03,284758
3141_1_2019,19.87,326962
3141_2_2019,17.11,433162
3141_3_2019,16.71,470869
3141_4_2019,16.51,386265
3141_5_2018,16.53,23191
3141_5_2019,15.97,351008
3141_6_2018,18.80,334447
3141_7_2018,18.16,418063
3141_8_2018,17.09,550511
3141_9_2018,17.11,538776
3142_10_2018,22.84,138926
3142_11_2018,22.95,148023
3142_12_2018,22.96,158287
3142_1_2019,21.22,165026
3142_2_2019,22.92,110996
3142_3_2019,22.31,166023
3142_4_2019,22.91,158476
3142_5_2019,22.24,134270
3142_6_2018,22.20,152568
3142_7_2018,22.22,151376
3142_8_2018,21.73,159072
3142_9_2018,23.48,170996
3171_10_2018,17.00,284033
3171_11_2018,16.37,276820
3171_12_2018,17.42,202622
3171_1_2019,16.92,185677
3171_2_2019,15.82,196159
3171_3_2019,15.78,258075
3171_4_2019,15.47,205297
3171_5_2018,18.00,13101
3171_5_2019,15.09,201645
3171_6_2018,18.11,201363
3171_7_2018,17.81,227212
3171_8_2018,17.46,284689
3171_9_2018,17.24,282307
3172_10_2018,23.00,373044
3172_11_2018,22.43,267470
3172_12_2018,23.80,272142
3172_1_2019,23.36,292883
3172_2_2019,23.98,295347
3172_3_2019,24.27,321205
3172_4_2019,24.76,299660
3172_5_2018,22.91,12898
3172_5_2019,23.52,244507
3172_6_2018,23.67,329988
3172_7_2018,24.51,367701
3172_8_2018,24.39,396760
3172_9_2018,23.64,415934
3173_10_2018,22.81,76056
3173_11_2018,22.35,89984
3173_12_2018,23.13,75860
3173_1_2019,23.47,80133
3173_2_2019,23.21,55995
3173_3_2019,22.64,92545
3173_4_2019,22.57,85698
3173_5_2019,22.83,79955
3173_6_2018,22.84,98529
3173_7_2018,22.51,112385
3173_8_2018,23.62,90932
3173_9_2018,23.54,85979
318_10_2018,28.02,331925
318_11_2018,27.84,349719
318_12_2018,29.88,312996
318_1_2019,28.95,347370
318_2_2019,27.53,336838
318_3_2019,27.15,368953
318_4_2019,26.46,361613
318_5_2018,30.71,8916
318_5_2019,25.51,328517
318_6_2018,30.10,330190
318_7_2018,30.92,340812
318_8_2018,29.81,356065
318_9_2018,28.92,336509
3191_10_2018,24.58,389235
3191_11_2018,24.25,417935
3191_12_2018,26.18,437760
3191_1_2019,25.86,440592
3191_2_2019,23.75,378842
3191_3_2019,24.52,464622
3191_4_2019,24.47,443988
3191_5_2018,26.96,15610
3191_5_2019,23.40,389645
3191_6_2018,26.18,402029
3191_7_2018,26.14,415480
3191_8_2018,25.46,426641
3191_9_2018,24.87,392770
3192_10_2018,22.59,354466
3192_11_2018,22.82,385571
3192_12_2018,23.30,403796
3192_1_2019,22.74,349788
3192_2_2019,22.83,369274
3192_3_2019,22.13,341318
3192_4_2019,21.92,320517
3192_5_2018,22.11,12117
3192_5_2019,21.63,292600
3192_6_2018,22.31,295049
3192_7_2018,23.25,344164
3192_8_2018,22.94,361376
3192_9_2018,22.31,333249
321_10_2018,16.67,359473
321_11_2018,16.70,327143
321_12_2018,16.53,324607
321_1_2019,17.18,308472
321_2_2019,16.53,246578
321_3_2019,16.63,313192
321_4_2019,16.60,313004
321_5_2018,16.97,10524
321_5_2019,16.64,285356
321_6_2018,17.27,328952
321_7_2018,17.33,354143
321_8_2018,17.20,377543
321_9_2018,16.96,363889
322_10_2018,17.41,213235
322_11_2018,17.68,213081
322_12_2018,17.24,197563
322_1_2019,17.38,197502
322_2_2019,17.56,178341
322_3_2019,17.05,190151
322_4_2019,17.58,216984
322_5_2018,17.53,7221
322_5_2019,17.59,200086
322_6_2018,17.06,185929
322_7_2018,17.52,206174
322_8_2018,17.23,210316
322_9_2018,17.93,219287
323_10_2018,15.59,122525
323_11_2018,15.21,132705
323_12_2018,14.88,137011
323_1_2019,14.14,122270
323_2_2019,14.22,111107
323_3_2019,14.30,124482
323_4_2019,14.07,120973
323_5_2018,15.45,4809
323_5_2019,14.62,97848
323_6_2018,15.83,125119
323_7_2018,16.23,137512
323_8_2018,16.10,129579
323_9_2018,15.86,135116
324_10_2018,17.14,113207
324_11_2018,17.48,114766
324_12_2018,17.48,114672
324_1_2019,18.13,127281
324_2_2019,17.45,102861
324_3_2019,16.68,111664
324_4_2019,16.94,102094
324_5_2018,15.36,3018
324_5_2019,17.51,106962
324_6_2018,17.87,125300
324_7_2018,18.10,141470
324_8_2018,17.97,130269
324_9_2018,17.71,116031
332_10_2018,20.18,230478
332_11_2018,20.53,235541
332_12_2018,20.65,249270
332_1_2019,20.15,244237
332_2_2019,19.83,210640
332_3_2019,20.36,256974
332_4_2019,19.94,224983
332_5_2018,20.04,8473
332_5_2019,19.88,229526
332_6_2018,19.82,219802
332_7_2018,20.18,239071
332_8_2018,20.38,237234
332_9_2018,20.70,246329
333_10_2018,17.62,398622
333_11_2018,17.75,356425
333_12_2018,17.77,359119
333_1_2019,17.79,346631
333_2_2019,17.68,305389
333_3_2019,17.52,349421
333_4_2019,17.30,342814
333_5_2018,18.33,15456
333_5_2019,17.53,301321
333_6_2018,17.79,363692
333_7_2018,18.00,389729
333_8_2018,17.66,423188
333_9_2018,17.70,388303
334_10_2018,15.52,119148
334_11_2018,15.53,115658
334_12_2018,15.11,122500
334_1_2019,15.03,112453
334_2_2019,15.56,101922
334_3_2019,15.67,119722
334_4_2019,15.53,111377
334_5_2018,15.79,3432
334_5_2019,16.46,145355
334_6_2018,15.76,110563
334_7_2018,16.27,131872
334_8_2018,16.28,129153
334_9_2018,15.89,128296
3351_10_2018,17.86,139706
3351_11_2018,17.72,145666
3351_12_2018,17.68,140645
3351_1_2019,17.66,127997
3351_2_2019,17.38,130756
3351_3_2019,17.44,138954
3351_4_2019,17.52,135551
3351_5_2018,18.76,5893
3351_5_2019,17.39,137912
3351_6_2018,17.63,134461
3351_7_2018,17.93,156209
3351_8_2018,17.72,156375
3351_9_2018,18.20,156539
336_10_2018,19.01,222575
336_11_2018,18.92,215173
336_12_2018,18.99,209526
336_1_2019,19.13,205233
336_2_2019,19.30,202902
336_3_2019,18.73,214628
336_4_2019,18.86,212886
336_5_2018,19.37,8845
336_5_2019,18.31,174936
336_6_2018,19.12,211643
336_7_2018,19.04,222628
336_8_2018,19.18,227379
336_9_2018,19.33,212375
3371_10_2018,21.39,314041
3371_11_2018,20.96,370276
3371_12_2018,21.21,389001
3371_1_2019,21.18,347975
3371_2_2019,20.96,367832
3371_3_2019,20.62,415477
3371_4_2019,20.60,365199
3371_5_2018,19.84,9785
3371_5_2019,20.72,343585
3371_6_2018,20.67,292157
3371_7_2018,21.49,327359
3371_8_2018,21.78,342797
3371_9_2018,21.41,326290
3372_10_2018,19.38,317165
3372_11_2018,19.51,310140
3372_12_2018,19.57,295384
3372_1_2019,19.59,307579
3372_2_2019,19.61,298835
3372_3_2019,19.38,313698
3372_4_2019,19.58,309470
3372_5_2018,18.66,7861
3372_5_2019,19.76,277380
3372_6_2018,19.35,270823
3372_7_2018,19.11,270964
3372_8_2018,19.39,284025
3372_9_2018,19.56,296833
3411_10_2018,19.93,712279
3411_11_2018,20.11,698997
3411_12_2018,20.21,712480
3411_1_2019,19.28,787285
3411_2_2019,18.49,691546
3411_3_2019,18.66,813574
3411_4_2019,18.43,748902
3411_5_2018,21.19,27242
3411_5_2019,18.56,678587
3411_6_2018,20.40,744073
3411_7_2018,20.69,845013
3411_8_2018,20.50,795590
3411_9_2018,20.02,676044
3413_10_2018,20.89,107955
3413_11_2018,21.29,94795
3413_12_2018,21.58,75520
3413_1_2019,21.22,88350
3413_2_2019,20.44,91012
3413_3_2019,20.50,93637
3413_4_2019,20.12,87496
3413_5_2018,24.29,5857
3413_5_2019,20.96,86888
3413_6_2018,22.55,95296
3413_7_2018,23.09,99025
3413_8_2018,21.84,101313
3413_9_2018,21.26,100906
3422_10_2018,21.51,141299
3422_11_2018,22.06,135169
3422_12_2018,21.97,139905
3422_1_2019,21.61,168936
3422_2_2019,21.43,188195
3422_3_2019,21.34,197898
3422_4_2019,21.30,195472
3422_5_2018,21.53,4942
3422_5_2019,21.80,180154
3422_6_2018,22.22,77443
3422_7_2018,22.15,103098
3422_8_2018,21.74,108441
3422_9_2018,21.46,115633
3441_10_2018,22.61,545973
3441_11_2018,22.60,487855
3441_12_2018,22.30,475114
3441_1_2019,22.51,496438
3441_2_2019,22.21,479601
3441_3_2019,22.11,539321
3441_4_2019,22.24,520037
3441_5_2018,21.37,21163
3441_5_2019,22.01,478402
3441_6_2018,22.46,488579
3441_7_2018,22.67,485181
3441_8_2018,22.84,550165
3441_9_2018,22.91,512761
3442_10_2018,20.48,440448
3442_11_2018,20.12,479403
3442_12_2018,20.16,496902
3442_1_2019,20.02,454483
3442_2_2019,19.63,405735
3442_3_2019,19.55,443050
3442_4_2019,19.54,434484
3442_5_2018,22.23,17428
3442_5_2019,19.60,377504
3442_6_2018,20.32,414294
3442_7_2018,20.03,468183
3442_8_2018,21.49,453411
3442_9_2018,20.46,442880
3452_10_2018,22.58,203772
3452_11_2018,22.56,199239
3452_12_2018,21.97,183996
3452_1_2019,21.43,189095
3452_2_2019,21.45,173741
3452_3_2019,21.23,247444
3452_4_2019,21.13,233444
3452_5_2018,24.40,6263
3452_5_2019,21.08,217453
3452_6_2018,22.26,191563
3452_7_2018,22.85,212874
3452_8_2018,22.49,222581
3452_9_2018,21.91,176075
347_10_2018,26.17,1080081
347_11_2018,26.01,986618
347_12_2018,26.67,1051700
347_1_2019,24.99,1064004
347_2_2019,23.60,955471
347_3_2019,23.92,1088795
347_4_2019,23.65,1013498
347_5_2018,26.11,35658
347_5_2019,23.73,960028
347_6_2018,26.91,1074113
347_7_2018,27.56,1145478
347_8_2018,26.97,1103285
347_9_2018,26.17,1040777
352_10_2018,21.23,58291
352_11_2018,20.49,139914
352_12_2018,20.52,188135
352_1_2019,20.48,222006
352_2_2019,19.96,186618
352_3_2019,20.30,222893
352_4_2019,20.17,230298
352_5_2018,24.10,2753
352_5_2019,20.25,203767
352_6_2018,20.78,48491
352_7_2018,21.38,50063
352_8_2018,20.60,53001
352_9_2018,21.52,58280
353_10_2018,22.35,235699
353_11_2018,22.35,252409
353_12_2018,22.74,250017
353_1_2019,22.18,255246
353_2_2019,21.82,216770
353_3_2019,21.44,258215
353_4_2019,21.44,247163
353_5_2018,23.03,8951
353_5_2019,21.38,226888
353_6_2018,22.98,255602
353_7_2018,23.04,272458
353_8_2018,22.30,238369
353_9_2018,22.07,231636
355_10_2018,23.57,250909
355_11_2018,23.90,221557
355_12_2018,23.47,198359
355_1_2019,23.30,222760
355_2_2019,22.74,217976
355_3_2019,22.99,244025
355_4_2019,22.43,234955
355_5_2018,24.29,8249
355_5_2019,22.35,214112
355_6_2018,23.78,215042
355_7_2018,23.97,234322
355_8_2018,23.68,212064
355_9_2018,22.98,223269
357_10_2018,20.93,370244
357_11_2018,21.11,358442
357_12_2018,21.11,372377
357_1_2019,19.75,363966
357_2_2019,18.55,324537
357_3_2019,18.81,378516
357_4_2019,19.01,376773
357_5_2018,21.26,13394
357_5_2019,19.26,325363
357_6_2018,20.83,325354
357_7_2018,21.34,369056
357_8_2018,21.18,346235
357_9_2018,20.57,339450
370_10_2018,21.46,166128
370_11_2018,21.32,144150
370_12_2018,21.51,135713
370_1_2019,21.72,151083
370_2_2019,20.45,145006
370_3_2019,20.74,174906
370_4_2019,20.94,180351
370_5_2018,19.60,6576
370_5_2019,20.64,162654
370_6_2018,21.30,168026
370_7_2018,21.75,175712
370_8_2018,21.81,173842
370_9_2018,21.52,171726
371_10_2018,22.33,455977
371_11_2018,21.84,356664
371_12_2018,21.99,423848
371_1_2019,21.87,450032
371_2_2019,21.46,389600
371_3_2019,21.85,470642
371_4_2019,21.81,458545
371_5_2018,22.76,16987
371_5_2019,21.65,432895
371_6_2018,22.16,425236
371_7_2018,22.35,463424
371_8_2018,21.83,442836
371_9_2018,22.54,441517
3721_10_2018,15.76,370329
3721_11_2018,15.66,375741
3721_12_2018,15.23,360719
3721_1_2019,15.72,365983
3721_2_2019,16.14,388599
3721_3_2019,15.87,399791
3721_4_2019,15.90,417752
3721_5_2018,15.92,10134
3721_5_2019,15.87,369386
3721_6_2018,15.54,332760
3721_7_2018,16.32,411103
3721_8_2018,16.02,428614
3721_9_2018,15.94,377859
3722_10_2018,14.80,44297
3722_11_2018,14.88,53145
3722_12_2018,15.05,54640
3722_1_2019,15.12,58934
3722_2_2019,14.84,59740
3722_3_2019,15.74,55034
3722_4_2019,15.45,54702
3722_5_2018,14.22,1562
3722_5_2019,15.94,49842
3722_6_2018,14.64,48621
3722_7_2018,14.42,50867
3722_8_2018,14.05,55223
3722_9_2018,14.38,58223
373_10_2018,20.17,641495
373_11_2018,19.37,542066
373_12_2018,19.50,517268
373_1_2019,19.94,537927
373_2_2019,19.34,535338
373_3_2019,19.41,564507
373_4_2019,19.47,565432
373_5_2018,19.79,23739
373_5_2019,19.21,524732
373_6_2018,20.34,527995
373_7_2018,20.80,614824
373_8_2018,20.29,593496
373_9_2018,20.35,615004
375_10_2018,25.17,488145
375_11_2018,24.40,416102
375_12_2018,24.87,439727
375_1_2019,25.06,418874
375_2_2019,24.05,349361
375_3_2019,24.71,418714
375_4_2019,24.59,433385
375_5_2018,23.25,14447
375_5_2019,24.19,365804
375_6_2018,24.73,430727
375_7_2018,24.94,472334
375_8_2018,24.96,469441
375_9_2018,25.20,480838
376_10_2018,18.47,336118
376_11_2018,18.20,304427
376_12_2018,18.40,270219
376_1_2019,19.02,302720
376_2_2019,19.04,334937
376_3_2019,18.36,343911
376_4_2019,18.29,332384
376_5_2018,18.00,13528
376_5_2019,18.05,332668
376_6_2018,19.12,329105
376_7_2018,19.48,326942
376_8_2018,18.70,343027
376_9_2018,18.80,326949
377_10_2018,22.71,323497
377_11_2018,22.41,283434
377_12_2018,22.49,264242
377_1_2019,23.24,304995
377_2_2019,21.94,277933
377_3_2019,22.33,333304
377_4_2019,22.44,309542
377_5_2018,21.46,12873
377_5_2019,22.66,281064
377_6_2018,22.99,266410
377_7_2018,23.12,301677
377_8_2018,22.51,288434
377_9_2018,22.65,276645
3781_10_2018,17.06,141540
3781_11_2018,16.60,132434
3781_12_2018,16.02,119924
3781_1_2019,16.72,127621
3781_2_2019,16.96,134867
3781_3_2019,16.50,145004
3781_4_2019,16.36,140504
3781_5_2018,19.36,6100
3781_5_2019,16.59,134329
3781_6_2018,17.00,125527
3781_7_2018,18.19,153314
3781_8_2018,16.64,140031
3781_9_2018,17.30,155291
385_10_2018,20.56,534253
385_11_2018,21.17,462920
385_12_2018,21.41,491281
385_1_2019,21.34,440559
385_2_2019,20.82,420693
385_3_2019,20.66,542800
385_4_2019,20.46,516546
385_5_2018,19.56,17728
385_5_2019,20.82,509815
385_6_2018,19.93,454099
385_7_2018,20.23,535566
385_8_2018,19.92,507198
385_9_2018,20.34,504362
421_10_2018,19.54,1557366
421_11_2018,19.58,1556841
421_12_2018,19.71,1550077
421_1_2019,19.80,1534539
421_2_2019,19.59,1342092
421_3_2019,19.56,1552837
421_4_2019,19.73,1504633
421_5_2018,19.71,54060
421_5_2019,19.72,1387512
421_6_2018,20.15,1474659
421_7_2018,20.06,1490178
421_8_2018,19.82,1532940
421_9_2018,19.76,1524825
4272_10_2018,17.56,135860
4272_11_2018,17.22,130397
4272_12_2018,18.02,119584
4272_1_2019,18.25,112368
4272_2_2019,17.56,107978
4272_3_2019,17.76,136238
4272_4_2019,17.25,111827
4272_5_2018,18.28,8412
4272_5_2019,17.25,119811
4272_6_2018,18.15,146224
4272_7_2018,18.25,144035
4272_8_2018,17.67,152540
4272_9_2018,17.87,145247
427_10_2018,19.61,692488
427_11_2018,19.65,681013
427_12_2018,19.83,627555
427_1_2019,19.96,635072
427_2_2019,19.79,620765
427_3_2019,19.89,691448
427_4_2019,19.64,623937
427_5_2018,19.62,29928
427_5_2019,19.83,637946
427_6_2018,20.22,696211
427_7_2018,20.00,677103
427_8_2018,19.93,711428
427_9_2018,19.84,700211
431_10_2018,22.30,504919
431_11_2018,22.09,446818
431_12_2018,22.58,458466
431_1_2019,22.58,482063
431_2_2019,22.27,451893
431_3_2019,22.25,475730
431_4_2019,22.53,441799
431_5_2018,23.38,23997
431_5_2019,22.49,415255
431_6_2018,23.40,478901
431_7_2018,23.21,465514
431_8_2018,22.89,486981
431_9_2018,22.47,459381
437_10_2018,20.72,600302
437_11_2018,20.69,618376
437_12_2018,20.71,573805
437_1_2019,21.00,744154
437_2_2019,20.84,747066
437_3_2019,20.63,769691
437_4_2019,20.75,716084
437_5_2018,21.14,31646
437_5_2019,20.94,675376
437_6_2018,20.85,654643
437_7_2018,20.93,636290
437_8_2018,20.76,684109
437_9_2018,20.82,678959
441_10_2018,20.81,903135
441_11_2018,20.77,915028
441_12_2018,20.84,917476
441_1_2019,20.84,864319
441_2_2019,20.67,811940
441_3_2019,20.77,958721
441_4_2019,20.79,909393
441_5_2018,21.13,27828
441_5_2019,20.86,784790
441_6_2018,21.42,844812
441_7_2018,21.25,871787
441_8_2018,21.16,859620
441_9_2018,21.07,871640
452_10_2018,18.00,200376
452_11_2018,17.83,148098
452_12_2018,17.94,116076
452_1_2019,18.44,161204
452_2_2019,17.79,175656
452_3_2019,18.05,226590
452_4_2019,17.94,208147
452_5_2018,17.15,7689
452_5_2019,18.20,199994
452_6_2018,18.13,190070
452_7_2018,18.07,169346
452_8_2018,17.99,170652
452_9_2018,17.94,208197
547_8_2018,8.17,39470
551_10_2018,2.87,28976
551_11_2018,4.33,39278
551_12_2018,3.92,16799
551_5_2018,0.11,50
551_6_2018,4.06,37091
551_7_2018,4.14,33873
551_8_2018,5.43,23514
551_9_2018,3.70,31935
552_10_2018,4.63,11306
552_11_2018,5.64,14932
552_12_2018,4.80,6057
552_5_2018,5.43,126
552_6_2018,4.49,21074
552_7_2018,5.69,20342
552_8_2018,5.37,16815
552_9_2018,5.37,17427
553_10_2018,4.88,12489
553_11_2018,3.39,15369
553_12_2018,2.41,5398
553_5_2018,18.17,176
553_6_2018,5.75,11621
553_7_2018,5.79,12602
553_8_2018,3.71,13192
553_9_2018,4.69,12656
554_10_2018,4.95,7352
554_11_2018,4.38,6084
554_12_2018,6.38,2084
554_5_2018,0.03,31
554_6_2018,5.54,6905
554_7_2018,5.01,9594
554_8_2018,7.83,9704
554_9_2018,7.77,6332
555_10_2018,5.02,2407
555_11_2018,6.46,1932
555_12_2018,4.70,1348
555_5_2018,10.25,203
555_6_2018,6.61,3370
555_7_2018,6.38,2700
555_8_2018,5.36,2274
555_9_2018,4.39,1779
557_10_2018,8.18,13406
557_11_2018,9.03,14277
557_12_2018,11.58,3373
557_5_2018,3.52,140
557_6_2018,6.92,12266
557_7_2018,6.86,14289
557_8_2018,7.29,13704
557_9_2018,7.70,11293
651_10_2018,20.59,142812
651_11_2018,20.07,56377
651_5_2018,20.94,4878
651_6_2018,20.39,122315
651_7_2018,21.48,155746
651_8_2018,21.49,141113
651_9_2018,20.92,144556
661_12_2018,15.45,25318
722_10_2018,1.29,2997
722_11_2018,1.40,2304
722_12_2018,2.51,2655
722_1_2019,2.27,3066
722_2_2019,1.08,4498
722_3_2019,0.94,3911
722_4_2019,4.52,3792
722_5_2018,4.51,139
722_5_2019,0.52,2535
722_6_2018,1.88,5162
722_7_2018,1.79,4270
722_8_2018,0.60,4645
722_9_2018,0.81,3627
8_12_2018,19.65,184
999_10_2018,3.44,1556365
999_11_2018,3.24,1535127
999_12_2018,3.66,1489448
999_1_2019,3.69,1385048
999_2_2019,3.33,1403645
999_3_2019,3.40,1581672
999_4_2019,3.39,1466294
999_5_2018,3.19,68384
999_5_2019,3.34,1327670
999_6_2018,3.46,1470304
999_7_2018,3.59,1436316
999_8_2018,3.55,1494915
999_9_2018,3.63,1453400
